# Generated by scripts/sync-proj4js-datums.mjs; do not edit.
# Source: https://github.com/proj4js/proj4js/blob/888ce3a8a5b27e03f08c062c80121225333de8f8/lib/constants/Datum.js
# Upstream commit: 888ce3a8a5b27e03f08c062c80121225333de8f8
# Canonical records: 438
# Datum-name aliases: 18
# Three-parameter records: 330
# Seven-parameter records: 107
# NAD-grid records: 1
# Null marker: \N
# Data SHA-256: 52fa7af521bc8acc1836d4ec476272d726c3cab5c9d037a2b7a1e338370c8f79
code	towgs84	ellipse	datumName	nadgrids
EPSG_10299	0,0,0	\N	\N	\N
EPSG_10305	0,0,0	\N	\N	\N
EPSG_10310	0,0,0	\N	\N	\N
EPSG_10328	0,0,0	\N	\N	\N
EPSG_10475	0,0,0	\N	\N	\N
EPSG_10639	0,0,0	\N	\N	\N
EPSG_10671	0,0,0	\N	\N	\N
EPSG_10690	0,0,0	\N	\N	\N
EPSG_10725	0,0,0	\N	\N	\N
EPSG_10739	0,0,0	\N	\N	\N
EPSG_10762	0,0,0	\N	\N	\N
EPSG_10791	0,0,0	\N	\N	\N
EPSG_10800	0,0,0	\N	\N	\N
EPSG_10875	0,0,0	\N	\N	\N
EPSG_10910	0,0,0	\N	\N	\N
EPSG_10941	0,0,0	\N	\N	\N
EPSG_10968	0,0,0	\N	\N	\N
EPSG_20046	0,0,0	\N	\N	\N
EPSG_3819	595.48,121.69,515.35,4.115,-2.9383,0.853,-3.408	\N	\N	\N
EPSG_3824	0,0,0	\N	\N	\N
EPSG_3889	0,0,0	\N	\N	\N
EPSG_3906	577.88891,165.22205,391.18289,4.9145,-0.94729,-13.05098,7.78664	\N	\N	\N
EPSG_4023	0,0,0	\N	\N	\N
EPSG_4046	0,0,0	\N	\N	\N
EPSG_4075	0,0,0	\N	\N	\N
EPSG_4081	0,0,0	\N	\N	\N
EPSG_4121	-199.87,74.79,246.62	\N	\N	\N
EPSG_4123	-96.062,-82.428,-121.753,4.801,0.345,-1.376,1.496	\N	\N	\N
EPSG_4124	419.3836,99.3335,591.3451,0.850389,1.817277,-7.862238,-0.99496	\N	\N	\N
EPSG_4127	-82.875,-57.097,-156.768,-2.158,1.524,-0.982,-0.359	\N	\N	\N
EPSG_4129	-132,-110,-335	\N	\N	\N
EPSG_4130	0,0,0	\N	\N	\N
EPSG_4131	199,931,318.9	\N	\N	\N
EPSG_4132	-241.54,-163.64,396.06	\N	\N	\N
EPSG_4133	0,0,0	\N	\N	\N
EPSG_4134	-180.624,-225.516,173.919,-0.81,-1.898,8.336,16.71006	\N	\N	\N
EPSG_4135	58,-283,-182	\N	\N	\N
EPSG_4139	11,72,-101	\N	\N	\N
EPSG_4141	23.772,17.49,17.859,-0.3132,-1.85274,1.67299,-5.4262	\N	\N	\N
EPSG_4142	-125,53,467	\N	\N	\N
EPSG_4143	-124.76,53,466.79	\N	\N	\N
EPSG_4144	214,804,268	\N	\N	\N
EPSG_4145	275.57,676.78,229.6	\N	\N	\N
EPSG_4146	295,736,257	\N	\N	\N
EPSG_4147	-17.51,-108.32,-62.39	\N	\N	\N
EPSG_4148	0,0,0	\N	\N	\N
EPSG_4149	674.374,15.056,405.346	\N	\N	\N
EPSG_4150	674.374,15.056,405.346	\N	\N	\N
EPSG_4151	0,0,0	\N	\N	\N
EPSG_4152	-0.9102,2.0141,0.5602,0.029039,0.010065,0.010101,0	\N	\N	\N
EPSG_4153	-133.63,-157.5,-158.62	\N	\N	\N
EPSG_4154	-123.02,-158.95,-168.47	\N	\N	\N
EPSG_4155	-83,37,124	\N	\N	\N
EPSG_4156	570.8,85.7,462.8,4.998,1.587,5.261,3.56	\N	\N	\N
EPSG_4158	-0.465,372.095,171.736	\N	\N	\N
EPSG_4159	-194.513,-63.978,-25.759,-3.4027,3.756,-3.352,-0.9175	\N	\N	\N
EPSG_4160	8.88,184.86,106.69	\N	\N	\N
EPSG_4161	-233.43,6.65,173.64	\N	\N	\N
EPSG_4163	0,0,0	\N	\N	\N
EPSG_4164	-76,-138,67	\N	\N	\N
EPSG_4165	-173,253,27	\N	\N	\N
EPSG_4166	0,0,0	\N	\N	\N
EPSG_4167	0,0,0	\N	\N	\N
EPSG_4168	-170,33,326	\N	\N	\N
EPSG_4169	-115,118,426	\N	\N	\N
EPSG_4170	0,0,0	\N	\N	\N
EPSG_4173	0,0,0	\N	\N	\N
EPSG_4175	-88,4,101	\N	\N	\N
EPSG_4176	0,0,0	\N	\N	\N
EPSG_4178	24.9,-126.4,-93.2,-0.063,-0.247,-0.041,1.01	\N	\N	\N
EPSG_4179	33.4,-146.6,-76.3,-0.359,-0.053,0.844,-0.84	\N	\N	\N
EPSG_4180	0,0,0	\N	\N	\N
EPSG_4182	-422.651,-172.995,84.02	\N	\N	\N
EPSG_4183	-104,167,-38	\N	\N	\N
EPSG_4184	-203,141,53	\N	\N	\N
EPSG_4188	482.5,-130.6,564.6,-1.042,-0.214,-0.631,8.15	\N	\N	\N
EPSG_4189	0,0,0	\N	\N	\N
EPSG_4190	0,0,0	\N	\N	\N
EPSG_4191	-44.183,-0.58,-38.489,2.3867,2.7072,-3.5196,-8.2703	\N	\N	\N
EPSG_4192	-206.1,-174.7,-87.7	\N	\N	\N
EPSG_4193	-70.9,-151.8,-41.4	\N	\N	\N
EPSG_4194	163.511,127.533,-159.789	\N	\N	\N
EPSG_4195	105,326,-102.5	\N	\N	\N
EPSG_4196	-45,417,-3.5	\N	\N	\N
EPSG_4200	24.82,-131.21,-82.66	\N	\N	\N
EPSG_4201	-165,-11,206	\N	\N	\N
EPSG_4202	-124,-60,154	\N	\N	\N
EPSG_4203	-117.763,-51.51,139.061,0.292,0.443,0.277,-0.191	\N	\N	\N
EPSG_4204	-85.645,-273.077,-79.708,2.289,-1.421,2.532,3.194	\N	\N	\N
EPSG_4205	-43,-163,45	\N	\N	\N
EPSG_4207	-282.1,-72.2,120,-1.529,0.145,-0.89,-4.46	\N	\N	\N
EPSG_4208	-157.84,308.54,-146.6	\N	\N	\N
EPSG_4209	-138,-105,-289	\N	\N	\N
EPSG_4210	-157,-2,-299	\N	\N	\N
EPSG_4211	-378.873,676.002,-46.255	\N	\N	\N
EPSG_4212	-267.434,173.496,181.814,-13.4704,8.7154,7.3926,14.7492	\N	\N	\N
EPSG_4213	-106,-87,188	\N	\N	\N
EPSG_4214	12.646,-155.176,-80.863	\N	\N	\N
EPSG_4216	-292.295,248.758,429.447,4.9971,2.99,6.6906,1.0289	\N	\N	\N
EPSG_4218	304.5,306.5,-318.1	\N	\N	\N
EPSG_4219	-384,664,-48	\N	\N	\N
EPSG_4220	-55.5,-348,-229.2	\N	\N	\N
EPSG_4221	-154.5,150.7,100.4	\N	\N	\N
EPSG_4222	-136,-108,-292	\N	\N	\N
EPSG_4223	-260.1,5.5,432.2	\N	\N	\N
EPSG_4224	-143.87,243.37,-33.52	\N	\N	\N
EPSG_4225	-205.57,168.77,-4.12	\N	\N	\N
EPSG_4227	-83.58,-397.54,458.78,-17.595,-2.847,4.256,3.225	\N	\N	\N
EPSG_4229	-121.8,98.1,-10.7	\N	\N	\N
EPSG_4230	-68.863,-134.888,-111.49,-0.53,-0.14,0.57,-3.4	\N	\N	\N
EPSG_4231	-83.11,-97.38,-117.22,0.005693,-0.044698,0.044285,0.1218	\N	\N	\N
EPSG_4232	-345,3,223	\N	\N	\N
EPSG_4236	-637,-549,-203	\N	\N	\N
EPSG_4237	52.684,-71.194,-13.975,-0.312,-0.1063,-0.3729,1.0191	\N	\N	\N
EPSG_4238	-1.977,-13.06,-9.993,0.364,0.254,0.689,-1.037	\N	\N	\N
EPSG_4239	217,823,299	\N	\N	\N
EPSG_4240	204.64,834.74,293.8	\N	\N	\N
EPSG_4242	-33.722,153.789,94.959,-8.581,-4.478,4.54,8.95	\N	\N	\N
EPSG_4244	-97,787,86	\N	\N	\N
EPSG_4245	-11,851,5	\N	\N	\N
EPSG_4246	-294.7,-200.1,525.5	\N	\N	\N
EPSG_4247	-273.5,110.6,-357.9	\N	\N	\N
EPSG_4248	-307.7,265.3,-363.5	\N	\N	\N
EPSG_4250	-130,29,364	\N	\N	\N
EPSG_4251	-90,40,88	\N	\N	\N
EPSG_4253	-133,-77,-51	\N	\N	\N
EPSG_4254	18.38,192.45,96.82,0.056,-0.142,-0.2,-0.0013	\N	\N	\N
EPSG_4255	-333,-222,114	\N	\N	\N
EPSG_4256	41,-220,-134	\N	\N	\N
EPSG_4257	-587.8,519.75,145.76	\N	\N	\N
EPSG_4259	-254.1,-5.36,-100.29	\N	\N	\N
EPSG_4261	31,146,47	\N	\N	\N
EPSG_4262	639,405,60	\N	\N	\N
EPSG_4263	-111.92,-87.85,114.5,1.875,0.202,0.219,0.032	\N	\N	\N
EPSG_4265	-104.1,-49.1,-9.9,0.971,-2.917,0.714,-11.68	\N	\N	\N
EPSG_4266	-80.7,-132.5,41.1	\N	\N	\N
EPSG_4267	-8.0,160.0,176.0	\N	\N	\N
EPSG_4269	0,0,0	\N	\N	\N
EPSG_4270	-253.4392,-148.452,386.5267,0.15605,0.43,-0.1013,-0.0424	\N	\N	\N
EPSG_4271	-2,374,172	\N	\N	\N
EPSG_4272	59.47,-5.04,187.44,0.47,-0.1,1.024,-4.5993	\N	\N	\N
EPSG_4273	278.3,93,474.5,7.889,0.05,-6.61,6.21	\N	\N	\N
EPSG_4274	-230.994,102.591,25.199,0.633,-0.239,0.9,1.95	\N	\N	\N
EPSG_4277	446.448,-125.157,542.06,0.15,0.247,0.842,-20.489	\N	\N	\N
EPSG_4280	-377,681,-50	\N	\N	\N
EPSG_4281	-219.247,-73.802,269.529	\N	\N	\N
EPSG_4282	-178.3,-316.7,-131.5,5.278,6.077,10.979,19.166	\N	\N	\N
EPSG_4283	0.06155,-0.01087,-0.04019,0.039492,0.032722,0.032898,-0.009994	\N	\N	\N
EPSG_4284	43.822,-108.842,-119.585,1.455,-0.761,0.737,0.549	\N	\N	\N
EPSG_4285	-128.16,-282.42,21.93	\N	\N	\N
EPSG_4289	565.7381,50.4018,465.2904,-0.395026,0.330772,-1.876073,4.07244	\N	\N	\N
EPSG_4292	-355,21,72	\N	\N	\N
EPSG_4293	616,97,-251	\N	\N	\N
EPSG_4297	-198.383,-240.517,-107.909	\N	\N	\N
EPSG_4298	-689.5937,623.84046,-65.93566,-0.02331,1.17094,-0.80054,5.88536	\N	\N	\N
EPSG_4299	482.5,-130.6,564.6,-1.042,-0.214,-0.631,8.15	\N	\N	\N
EPSG_4300	482.5,-130.6,564.6,-1.042,-0.214,-0.631,8.15	\N	\N	\N
EPSG_4301	-147,506,687	\N	\N	\N
EPSG_4302	-61.702,284.488,472.052	\N	\N	\N
EPSG_4307	-209.3622,-87.8162,404.6198,0.0046,3.4784,0.5805,-1.4547	\N	\N	\N
EPSG_4309	-124.45,183.74,44.64,-0.4384,0.5446,-0.9706,-2.1365	\N	\N	\N
EPSG_4310	-30,190,89	\N	\N	\N
EPSG_4311	-265,120,-358	\N	\N	\N
EPSG_4312	601.705,84.263,485.227,4.7354,1.3145,5.393,-2.3887	\N	\N	\N
EPSG_4313	-106.8686,52.2978,-103.7239,0.3366,-0.457,1.8422,-1.2747	\N	\N	\N
EPSG_4314	597.1,71.4,412.1,0.894,0.068,-1.563,7.58	\N	\N	\N
EPSG_4315	-23,259,-9	\N	\N	\N
EPSG_4316	103.25,-100.4,-307.19	\N	\N	\N
EPSG_4317	2.3287,-147.0425,-92.0802,-0.309248,0.324822,0.497299,5.689063	\N	\N	\N
EPSG_4318	-3.2,-5.7,2.8	\N	\N	\N
EPSG_4319	226.702,-193.337,-35.371,-2.229,-4.391,9.238,0.9798	\N	\N	\N
EPSG_4322	0,0,4.5	\N	\N	\N
EPSG_4324	0,0,1.9	\N	\N	\N
EPSG_4475	-381.788,-57.501,-256.673	\N	\N	\N
EPSG_4483	0,0,0	\N	\N	\N
EPSG_4558	0,0,0	\N	\N	\N
EPSG_4601	-255,-15,71	\N	\N	\N
EPSG_4602	725,685,536	\N	\N	\N
EPSG_4603	72,213.7,93	\N	\N	\N
EPSG_4604	174,359,365	\N	\N	\N
EPSG_4605	9,183,236	\N	\N	\N
EPSG_4606	-153,153,307	\N	\N	\N
EPSG_4607	195.671,332.517,274.607	\N	\N	\N
EPSG_4611	-162.619,-276.959,-161.764,0.067753,-2.243648,-1.158828,-1.094246	\N	\N	\N
EPSG_4612	0,0,0	\N	\N	\N
EPSG_4613	-404.78,685.68,45.47	\N	\N	\N
EPSG_4614	-119.4248,-303.65872,-11.00061,1.164298,0.174458,1.096259,3.657065	\N	\N	\N
EPSG_4615	-494.088,-312.129,279.877,-1.423,-1.013,1.59,-0.748	\N	\N	\N
EPSG_4616	-289,-124,60	\N	\N	\N
EPSG_4617	-0.991,1.9072,0.5129,0.02579,0.00965,0.01166,0	\N	\N	\N
EPSG_4618	-59,-11,-52	\N	\N	\N
EPSG_4619	0,0,0	\N	\N	\N
EPSG_4620	-106,-129,165	\N	\N	\N
EPSG_4621	137,248,-430	\N	\N	\N
EPSG_4622	-472.29,-5.63,-304.12,0.4362,-0.8374,0.2563,1.8984	\N	\N	\N
EPSG_4625	126.93,547.94,130.41,-2.7867,5.1612,-0.8584,13.8227	\N	\N	\N
EPSG_4629	72.51,345.411,79.241,-1.5862,-0.8826,-0.5495,1.3653	\N	\N	\N
EPSG_4630	165.804,216.213,180.26,-0.6251,-0.4515,-0.0721,7.4111	\N	\N	\N
EPSG_4633	137.092,131.66,91.475,-1.9436,-11.5993,-4.3321,-7.4824	\N	\N	\N
EPSG_4641	-408.809,366.856,-412.987,1.8842,-0.5308,2.1655,-121.0993	\N	\N	\N
EPSG_4642	-13,-348,292	\N	\N	\N
EPSG_4643	-480.26,-438.32,-643.429,16.3119,20.1721,-4.0349,-111.7002	\N	\N	\N
EPSG_4644	-10.18,-350.43,291.37	\N	\N	\N
EPSG_4646	-963,510,-359	\N	\N	\N
EPSG_4657	-28,199,5	\N	\N	\N
EPSG_4658	-73,46,-86	\N	\N	\N
EPSG_4659	0,0,0	\N	\N	\N
EPSG_4660	982.6087,552.753,-540.873,6.681627,-31.611492,-19.848161,16.805	\N	\N	\N
EPSG_4661	0,0,0	\N	\N	\N
EPSG_4662	97.295,-263.247,310.882,-1.5999,0.8386,3.1409,13.3259	\N	\N	\N
EPSG_4663	-210.502,-66.902,-48.476,2.094,-15.067,-5.817,0.485	\N	\N	\N
EPSG_4664	-211.939,137.626,58.3,-0.089,0.251,0.079,0.384	\N	\N	\N
EPSG_4665	-105.854,165.589,-38.312,-0.003,-0.026,0.024,-0.048	\N	\N	\N
EPSG_4666	631.392,-66.551,481.442,1.09,-4.445,-4.487,-4.43	\N	\N	\N
EPSG_4667	0,0,0	\N	\N	\N
EPSG_4668	-86,-98,-119	\N	\N	\N
EPSG_4669	0,0,0	\N	\N	\N
EPSG_4670	0,0,0	\N	\N	\N
EPSG_4672	175,-38,113	\N	\N	\N
EPSG_4673	174.05,-25.49,112.57	\N	\N	\N
EPSG_4674	0,0,0	\N	\N	\N
EPSG_4675	59.935,118.4,-10.871	\N	\N	\N
EPSG_4678	44.585,-131.212,-39.544	\N	\N	\N
EPSG_4679	-80.01,253.26,291.19	\N	\N	\N
EPSG_4680	124.5,-63.5,-281	\N	\N	\N
EPSG_4682	283.729,735.942,261.143	\N	\N	\N
EPSG_4683	-127.62,-67.24,-47.04,-3.068,4.903,1.578,-1.06	\N	\N	\N
EPSG_4684	-133,-321,50	\N	\N	\N
EPSG_4686	0,0,0	\N	\N	\N
EPSG_4687	0.072,-0.507,-0.245,0.0183,-0.0003,0.007,-0.0093	\N	\N	\N
EPSG_4688	347.175,1077.618,2623.677,33.9058,-70.6776,9.4013,186.0647	\N	\N	\N
EPSG_4689	410.793,54.542,80.501,-2.5596,-2.3517,-0.6594,17.3218	\N	\N	\N
EPSG_4690	221.597,152.441,176.523,2.403,1.3893,0.884,11.4648	\N	\N	\N
EPSG_4691	218.769,150.75,176.75,3.5231,2.0037,1.288,10.9817	\N	\N	\N
EPSG_4692	217.109,86.452,23.711,0.0183,-0.0003,0.007,-0.0093	\N	\N	\N
EPSG_4693	0,-0.15,0.68	\N	\N	\N
EPSG_4694	0,0,0	\N	\N	\N
EPSG_4695	-103.746,-9.614,-255.95	\N	\N	\N
EPSG_4698	145,-187,103	\N	\N	\N
EPSG_4699	-770.1,158.4,-498.2	\N	\N	\N
EPSG_4701	-79.9,-158,-168.9	\N	\N	\N
EPSG_4702	0,0,0	\N	\N	\N
EPSG_4706	-146.21,112.63,4.05	\N	\N	\N
EPSG_4707	114,-116,-333	\N	\N	\N
EPSG_4708	-491,-22,435	\N	\N	\N
EPSG_4709	145,75,-272	\N	\N	\N
EPSG_4710	-323.65,551.39,-491.22	\N	\N	\N
EPSG_4711	124,-234,-25	\N	\N	\N
EPSG_4712	-205,107,53	\N	\N	\N
EPSG_4713	-77,-128,142	\N	\N	\N
EPSG_4714	-127,-769,472	\N	\N	\N
EPSG_4715	-104,-129,239	\N	\N	\N
EPSG_4716	298,-304,-375	\N	\N	\N
EPSG_4717	-2,151,181	\N	\N	\N
EPSG_4718	230,-199,-752	\N	\N	\N
EPSG_4719	211,147,111	\N	\N	\N
EPSG_4720	0,0,4.5	\N	\N	\N
EPSG_4721	265.025,384.929,-194.046	\N	\N	\N
EPSG_4722	-794,119,-298	\N	\N	\N
EPSG_4723	-179.483,-69.379,-27.584,-7.862,8.163,6.042,-13.925	\N	\N	\N
EPSG_4724	208,-435,-229	\N	\N	\N
EPSG_4725	189,-79,-202	\N	\N	\N
EPSG_4726	8.853,-52.644,180.304,-0.393,-2.323,2.96,-24.081	\N	\N	\N
EPSG_4727	912,-58,1227	\N	\N	\N
EPSG_4728	-307,-92,127	\N	\N	\N
EPSG_4729	185,165,42	\N	\N	\N
EPSG_4730	170,42,84	\N	\N	\N
EPSG_4732	102,52,-38	\N	\N	\N
EPSG_4733	276,-57,149	\N	\N	\N
EPSG_4734	-632,438,-609	\N	\N	\N
EPSG_4735	647,1777,-1124	\N	\N	\N
EPSG_4736	260,12,-147	\N	\N	\N
EPSG_4737	0,0,0	\N	\N	\N
EPSG_4739	-156,-271,-189	\N	\N	\N
EPSG_4740	-1.08,-0.27,-0.9	\N	\N	\N
EPSG_4742	0,0,0	\N	\N	\N
EPSG_4743	70.995,-335.916,262.898	\N	\N	\N
EPSG_4744	-242.2,-144.9,370.3	\N	\N	\N
EPSG_4745	612.4,77,440.2,-0.054,0.057,-2.797,2.55	\N	\N	\N
EPSG_4746	599.4,72.4,419.2,-0.062,-0.022,-2.723,6.46	\N	\N	\N
EPSG_4747	0,0,0	\N	\N	\N
EPSG_4748	51,391,-36	\N	\N	\N
EPSG_4749	0,0,0	\N	\N	\N
EPSG_4750	-56.263,16.136,-22.856	\N	\N	\N
EPSG_4752	98,390,-22	\N	\N	\N
EPSG_4754	-208.4058,-109.8777,-2.5764	\N	\N	\N
EPSG_4755	0,0,0	\N	\N	\N
EPSG_4756	-192.873,-39.382,-111.202,-0.00205,-0.0005,0.00335,0.0188	\N	\N	\N
EPSG_4757	0,0,0	\N	\N	\N
EPSG_4758	0,0,0	\N	\N	\N
EPSG_4759	0,0,0	\N	\N	\N
EPSG_4761	0,0,0	\N	\N	\N
EPSG_4762	0,0,0	\N	\N	\N
EPSG_4763	0,0,0	\N	\N	\N
EPSG_4764	0,0,0	\N	\N	\N
EPSG_4765	0,0,0	\N	\N	\N
EPSG_4805	682,-203,480	\N	\N	\N
EPSG_4817	278.3,93,474.5,7.889,0.05,-6.61,6.21	\N	\N	\N
EPSG_4818	589,76,480	\N	\N	\N
EPSG_5013	0,0,0	\N	\N	\N
EPSG_5228	572.213,85.334,461.94,4.9732,1.529,5.2484,3.5378	\N	\N	\N
EPSG_5233	-0.293,766.95,87.713,0.195704,1.695068,3.473016,-0.039338	\N	\N	\N
EPSG_5246	0,0,0	\N	\N	\N
EPSG_5252	0.023,0.036,-0.068,0.00176,0.00912,-0.01136,0.00439	\N	\N	\N
EPSG_5264	0,0,0	\N	\N	\N
EPSG_5324	0,0,0	\N	\N	\N
EPSG_5340	-0.41,0.46,-0.35	\N	\N	\N
EPSG_5354	0,0,0	\N	\N	\N
EPSG_5365	-0.16959,0.35312,0.51846,0.03385,-0.16325,0.03446,0.03693	\N	\N	\N
EPSG_5371	0,0,0	\N	\N	\N
EPSG_5373	0,0,0	\N	\N	\N
EPSG_5381	0,0,0	\N	\N	\N
EPSG_5393	0,0,0	\N	\N	\N
EPSG_5451	6.41,-49.05,-11.28,1.5657,0.5242,6.9718,-5.7649	\N	\N	\N
EPSG_5489	0,0,0	\N	\N	\N
EPSG_5527	-67.35,3.88,-38.22	\N	\N	\N
EPSG_5546	0,0,0	\N	\N	\N
EPSG_5561	24,-121,-76	\N	\N	\N
EPSG_5593	0,0,0	\N	\N	\N
EPSG_5681	584.9636,107.7175,413.8067,1.1155,0.2824,-3.1384,7.9922	\N	\N	\N
EPSG_5886	0,0,0	\N	\N	\N
EPSG_6135	0,0,0	\N	\N	\N
EPSG_6207	293.17,726.18,245.36	\N	\N	\N
EPSG_6311	8.846,-4.394,-1.122,-0.00237,-0.146528,0.130428,0.783926	\N	\N	\N
EPSG_6318	0,0,0	\N	\N	\N
EPSG_6365	0,0,0	\N	\N	\N
EPSG_6668	0,0,0	\N	\N	\N
EPSG_6706	0,0,0	\N	\N	\N
EPSG_6881	-24,-203,268	\N	\N	\N
EPSG_6882	-183,-15,273	\N	\N	\N
EPSG_6883	-235,-110,393	\N	\N	\N
EPSG_6892	-76.269,-16.683,68.562,-6.275,10.536,-4.286,-13.686	\N	\N	\N
EPSG_6894	-63,176,185	\N	\N	\N
EPSG_7373	0.819,-0.5762,-1.6446,-0.00378,-0.03317,0.00318,0.0693	\N	\N	\N
EPSG_7683	0,0,0	\N	\N	\N
EPSG_7686	0,0,0	\N	\N	\N
EPSG_7798	0,0,0	\N	\N	\N
EPSG_7844	0,0,0	\N	\N	\N
EPSG_7881	-0.077,0.079,0.086	\N	\N	\N
EPSG_7886	0,0,0	\N	\N	\N
EPSG_8086	0,0,0	\N	\N	\N
EPSG_8351	485.021,169.465,483.839,7.786342,4.397554,4.102655,0	\N	\N	\N
EPSG_8427	0,0,0	\N	\N	\N
EPSG_8431	0,0,0	\N	\N	\N
EPSG_8685	0,0,0	\N	\N	\N
EPSG_8694	-93.799,-132.737,-219.073,-1.844,0.648,-6.37,-0.169	\N	\N	\N
EPSG_8699	0,0,0	\N	\N	\N
EPSG_8818	0,0,0	\N	\N	\N
EPSG_8900	0,0,0	\N	\N	\N
EPSG_8997	0,0,0	\N	\N	\N
EPSG_9059	0,0,0	\N	\N	\N
EPSG_9072	-0.9102,2.0141,0.5602,0.029039,0.010065,0.010101,0	\N	\N	\N
EPSG_9075	-0.9102,2.0141,0.5602,0.029039,0.010065,0.010101,0	\N	\N	\N
EPSG_9140	0,0,0	\N	\N	\N
EPSG_9248	-192.26,65.72,132.08	\N	\N	\N
EPSG_9251	-9.5,122.9,138.2	\N	\N	\N
EPSG_9253	-78.1,101.6,133.3	\N	\N	\N
EPSG_9294	1.16835,-1.42001,-2.24431,-0.00822,-0.05508,0.01818,0.23388	\N	\N	\N
EPSG_9333	0,0,0,-0.008393,0.000749,-0.010276,0	\N	\N	\N
EPSG_9403	-307,-92,127	\N	\N	\N
EPSG_9702	0,0,0	\N	\N	\N
EPSG_9777	0,0,0	\N	\N	\N
EPSG_9782	0,0,0	\N	\N	\N
ESRI_104101	372.87,149.23,585.29	\N	\N	\N
ESRI_104102	682,-203,480	\N	\N	\N
ESRI_104105	631.392,-66.551,481.442,1.09,-4.445,-4.487,-4.43	\N	\N	\N
ESRI_104106	-283.088,-70.693,117.445,-1.157,0.059,-0.652,-4.058	\N	\N	\N
ESRI_104109	-89.121,-348.182,260.871	\N	\N	\N
ESRI_104112	-185.583,-230.096,281.361	\N	\N	\N
ESRI_104113	25.1,-275.6,222.6	\N	\N	\N
ESRI_104129	0,0,0	\N	\N	\N
ESRI_104130	-86,-98,-119	\N	\N	\N
ESRI_104131	426.62,142.62,460.09,4.98,4.49,-12.42,-17.1	\N	\N	\N
ESRI_104138	198,-226,-347	\N	\N	\N
ESRI_104139	-73,-247,227	\N	\N	\N
ESRI_37207	7,-10,-26	\N	\N	\N
ESRI_37218	230,-199,-752	\N	\N	\N
ESRI_37221	252,-209,-751	\N	\N	\N
ESRI_37240	-7,215,225	\N	\N	\N
ESRI_37241	-76.822,257.457,-12.817,2.136,-0.033,-2.392,-0.031	\N	\N	\N
ESRI_37245	-511.151,-181.269,139.609,1.05,2.703,1.798,3.071	\N	\N	\N
ESRI_37249	-440.296,58.548,296.265,1.128,10.202,4.559,-0.438	\N	\N	\N
ESRI_4305	-123,-206,219	\N	\N	\N
IGNF_ANAA92G	1.5,3.84,4.81	\N	\N	\N
IGNF_APAT86G	143.6,197.82,74.05	\N	\N	\N
IGNF_ATIGG	1118,23,66	\N	\N	\N
IGNF_CSG67G	-186,230,110	\N	\N	\N
IGNF_EFATE57G	-127,-769,472	\N	\N	\N
IGNF_ETRS89G	0,0,0	\N	\N	\N
IGNF_FANGA84G	150.57,158.33,118.32	\N	\N	\N
IGNF_GUAD48G	-467,-16,-300	\N	\N	\N
IGNF_IGN72G	-13,-348,292	\N	\N	\N
IGNF_KAUE70G	126.74,300.1,-75.49	\N	\N	\N
IGNF_LURESG	-192.986,13.673,-39.309,-0.4099,-2.9332,2.6881,0.43	\N	\N	\N
IGNF_MARQUI72G	330.91,-13.92,58.56	\N	\N	\N
IGNF_MAYO50G	-382,-59,-262	\N	\N	\N
IGNF_MHPF67G	338.08,212.58,-296.17	\N	\N	\N
IGNF_MOP90G	-10.8,-1.8,12.77	\N	\N	\N
IGNF_NTFG	-168,-60,320	\N	\N	\N
IGNF_NUKU72G	84,274,65	\N	\N	\N
IGNF_PETRELS72G	365,194,166	\N	\N	\N
IGNF_PGP50G	324.8,153.6,172.1	\N	\N	\N
IGNF_REUN47G	94,-948,-1262	\N	\N	\N
IGNF_RGF93GDD	0,0,0	\N	\N	\N
IGNF_RGFG95GDD	0,0,0	\N	\N	\N
IGNF_RGM04GDD	0,0,0	\N	\N	\N
IGNF_RGNCG	0,0,0	\N	\N	\N
IGNF_RGPFGDD	0,0,0	\N	\N	\N
IGNF_RGR92GDD	0,0,0	\N	\N	\N
IGNF_RGSPM06GDD	0,0,0	\N	\N	\N
IGNF_RGTAAF07GDD	0,0,0	\N	\N	\N
IGNF_RUSAT84G	202.13,174.6,-15.74	\N	\N	\N
IGNF_STPM50G	11.363,424.148,373.13	\N	\N	\N
IGNF_TAHAAG	65,342,77	\N	\N	\N
IGNF_TAHI51G	162,117,154	\N	\N	\N
IGNF_TAHI79G	160.61,116.05,153.69	\N	\N	\N
IGNF_TANNAG	-139,-967,436	\N	\N	\N
IGNF_TUBU69G	237.17,171.61,-77.84	\N	\N	\N
IGNF_WALL78G	253,-133,-127	\N	\N	\N
IGNF_WGS72G	0,12,6	\N	\N	\N
beduaram	-106,-87,188	clrk80	Beduaram	\N
carthage	-263.0,6.0,431.0	clrk80ign	Carthage 1934 Tunisia	\N
ch1903	674.374,15.056,405.346	bessel	swiss	\N
ggrs87	-199.87,74.79,246.62	GRS80	Greek_Geodetic_Reference_System_1987	\N
gunung_segara	-403,684,41	bessel	Gunung Segara Jakarta	\N
hermannskogel	577.326,90.129,463.919,5.137,1.474,5.297,2.4232	bessel	Hermannskogel	\N
ire65	482.530,-130.596,564.557,-1.042,-0.214,-0.631,8.15	mod_airy	Ireland 1965	\N
mgi	577.326,90.129,463.919,5.137,1.474,5.297,2.4232	bessel	Militar-Geographische Institut	\N
nad27	\N	clrk66	North_American_Datum_1927	@conus,@alaska,@ntv2_0.gsb,@ntv1_can.dat
nad83	0,0,0	GRS80	North_American_Datum_1983	\N
nzgd49	59.47,-5.04,187.44,0.47,-0.1,1.024,-4.5993	intl	New Zealand Geodetic Datum 1949	\N
osgb36	446.448,-125.157,542.060,0.1502,0.2470,0.8421,-20.4894	airy	Ordnance Survey of Great Britain 1936	\N
osni52	482.530,-130.596,564.557,-1.042,-0.214,-0.631,8.15	airy	Irish National	\N
potsdam	598.1,73.7,418.2,0.202,0.045,-2.455,6.7	bessel	Potsdam Rauenberg 1950 DHDN	\N
rassadiran	-133.63,-157.5,-158.62	intl	Rassadiran	\N
rnb72	106.869,-52.2978,103.724,-0.33657,0.456955,-1.84218,1	intl	Reseau National Belge 1972	\N
s_jtsk	589,76,480	bessel	S-JTSK (Ferro)	\N
wgs84	0,0,0	WGS84	WGS84	\N
